{"train_loss": 0.6498234272003174, "epoch": 90, "LR": 5e-05, "_timestamp": 1701253789.6739395, "_runtime": 24131.63774752617, "_step": 60999, "test_dice": 0.40602337663524646, "test_loss": 0.7563571333885193}