{"train_loss": 0.7241435050964355, "epoch": 25, "_timestamp": 1701199214.1545768, "_runtime": 6741.588476896286, "_step": 16929, "test_dice": 0.3299967929700824, "test_loss": 0.8802361488342285}