{"loss": 0.9395687580108643, "epoch": 1, "_timestamp": 1701189421.1776536, "_runtime": 260.8989884853363, "_step": 564, "_wandb": {"runtime": 267}}