{"train_loss": 1.0174922943115234, "epoch": 1, "LR": 0.0001, "_timestamp": 1701229379.719763, "_runtime": 171.70492005348206, "_step": 337, "_wandb": {"runtime": 171}}